#,Done,Line,Section,Words saved,Why,FIND (old text),REPLACE WITH (new text)
1,,106,Roadmap (I),27,"Signposting, not argument","The remainder of this paper is organized as follows. Section~\ref{sec:related} rates related work on a scored rubric. Section~\ref{sec:background} describes the threat model and the background this work extends. Section~\ref{sec:model} formalizes the 5D H-NGAC decision function. Section~\ref{sec:arch} renders the model into a pipelined hardware architecture and derives its determinism. Section~\ref{sec:method} details the experimental method and its honesty rules. Section~\ref{sec:results} reports results. Section~\ref{sec:limitations} bounds our claims, and Section~\ref{sec:conclusion} concludes.","The remainder of this paper is organized as follows. Section~\ref{sec:related} scores related work. Section~\ref{sec:background} gives the threat model. Section~\ref{sec:model} defines the 5D decision function and Section~\ref{sec:arch} renders it into hardware. Section~\ref{sec:method} covers method, Section~\ref{sec:results} results, Section~\ref{sec:limitations} limitations, and Section~\ref{sec:conclusion} concludes."
2,,111,II Related Work,23,"105-word sentence, 4 semicolons -> 5 sentences","We rate prior work on four axes, each an integer score $x \in \mathbb{Z},\ 0 \le x \le 5$: per-decision latency evidence ($\mathit{pdl}$), where 5 requires cycle-accurate per-decision measurement; worst-case boundedness ($\mathit{wcb}$), where 5 requires a closed-form bound verified at every measured point; enforcement dimensionality beyond the identity triple ($\mathit{dim}$), where 3 denotes one added runtime dimension and 5 denotes both state and provenance; and hardware validation ($\mathit{hwv}$), where 5 requires cycle-accurate co-simulation plus silicon functional verification. Table~\ref{tab:rubric} scores each line of prior work under these definitions. The paragraphs below justify the scores that matter most, and they concede three genuine ancestors plainly.","We score prior work on four axes, each an integer $x \in \mathbb{Z},\ 0 \le x \le 5$. Per-decision latency evidence ($\mathit{pdl}$): 5 requires cycle-accurate per-decision measurement. Worst-case boundedness ($\mathit{wcb}$): 5 requires a closed-form bound verified at every measured point. Dimensionality beyond the identity triple ($\mathit{dim}$): 3 is one added runtime dimension, 5 is both state and provenance. Hardware validation ($\mathit{hwv}$): 5 requires cycle-accurate co-simulation plus silicon verification. Table~\ref{tab:rubric} applies these definitions. The paragraphs below justify the scores that matter."
3,,155,II Related Work,31,Nested apposition; survey cite folded into cite group,"The NGAC standard and the Policy Machine define the model we compile but report no per-decision latency evidence \cite{incits565, ferraiolo2011policymachine, hu2014sp800162}, and NGAC's decision and review advantages over XACML are established in the standards comparison of Ferraiolo et al.\ \cite{ferraiolo2016xacml}. NGAC implementations to date are software, including NIST's own fine-grain enforcement over database queries \cite{ferraiolo2017database}, and the strongest software NGAC decision result is the linear-time graph algorithms of Mell et al.\ \cite{mell2017linear}. That is the right software bound, and it is still a per-decision traversal whose constant depends on the host. XEngine compiles XACML into numeric structures offline and speeds decisions by orders of magnitude \cite{liu2011xengine}, the closest software analogue of our compilation step, but its decision latency still varies with policy and request shape. Servos and Osborn's survey lists ABAC decision performance among the field's open problems \cite{servos2017abac}, and reported measurements place OPA and an XACML PDP three to five orders of magnitude above the closed-form bound we derive in Section~\ref{sec:arch} \cite{opa, karim2026tsngac, oasisxacml}.","The NGAC standard and the Policy Machine define the model we compile, but report no per-decision latency \cite{incits565, ferraiolo2011policymachine, hu2014sp800162}. Ferraiolo et al.\ establish NGAC's decision and review advantages over XACML \cite{ferraiolo2016xacml}, and every NGAC implementation to date is software, including NIST's fine-grain enforcement over database queries \cite{ferraiolo2017database}. The strongest software decision result is the linear-time graph algorithm of Mell et al.\ \cite{mell2017linear}. That is the right software bound, and it is still a per-decision traversal whose constant depends on the host. XEngine is the closest software analogue of our compilation step. It compiles XACML into numeric structures offline, but its decision latency still varies with policy and request shape \cite{liu2011xengine}. Reported measurements place OPA and an XACML PDP three to five orders of magnitude above the bound derived in Section~\ref{sec:arch} \cite{opa, karim2026tsngac, oasisxacml, servos2017abac}."
4,,157,II Related Work,12,'we cite them as such' = self-congratulation,"\textbf{Hardware enforcement.} This literature holds three genuine ancestors, and we cite them as such. Huffmire et al.\ compiled a formally specified memory-isolation policy directly into an FPGA reference monitor in 2006 \cite{huffmire2006policy}, and Fiorin et al.\ placed access-rights checks into NoC interfaces with no added latency on the authorized path \cite{fiorin2008secure}. Both make enforcement latency a property of a synthesized circuit. Neither evaluates a relational policy model, and neither analyzes what an added policy dimension costs. The third concession is packet classification: TCAM and bit-vector engines match wide multi-field keys at deterministic rates \cite{song2005bvtcam}, and the StrideBV line advertises latency independent of ruleset content \cite{ganegedara2014scalable}. However, StrideBV latency grows linearly with match-key width. That is, in the closest deterministic prior art, added dimensions are precisely not free in time, which is the axis this paper claims. Aker wraps SoC controllers in verified access-control hardware at the bus-transaction level \cite{restuccia2021aker}, and CHERI enforces per-instruction memory capabilities in silicon \cite{watson2015cheri}. Both police a lower layer than a policy model.","\textbf{Hardware enforcement.} Three lines of work are direct ancestors. Huffmire et al.\ compiled a formally specified memory-isolation policy into an FPGA reference monitor in 2006 \cite{huffmire2006policy}, and Fiorin et al.\ put access-rights checks into NoC interfaces with no added latency on the authorized path \cite{fiorin2008secure}. Both make enforcement latency a property of a synthesized circuit. Neither evaluates a relational policy model, and neither measures what an added policy dimension costs. The third is packet classification. TCAM and bit-vector engines match wide multi-field keys at deterministic rates \cite{song2005bvtcam}, and StrideBV advertises latency independent of ruleset content \cite{ganegedara2014scalable}. However, StrideBV latency grows linearly with match-key width. In the closest deterministic prior art, added dimensions are not free in time, which is the axis this paper claims. Aker wraps SoC controllers in verified access-control hardware at the bus-transaction level \cite{restuccia2021aker}, and CHERI enforces per-instruction memory capabilities in silicon \cite{watson2015cheri}. Both police a lower layer than a policy model."
5,,159,II Related Work,6,Trailing-participle pileup (GenAI marker),"\textbf{Real-time and robot security.} The real-time security literature schedules software enforcement around deadlines: Contego slots security tasks into scheduling slack \cite{hasan2017contego}, and the 2024 SoK catalogs the paradigm \cite{hasan2024sok}. We exit that paradigm rather than optimize within it, since a fabric decision consumes no CPU slack at all. Pinisetty et al.\ synthesize runtime enforcers from timed automata for reactive CPS \cite{pinisetty2017runtime}, the nearest formal-synthesis neighbor, targeting safety properties rather than authorization and offering no hardware latency model. In robotics, Dieber et al.\ argued for application-layer authorization above transport crypto with identity-based decisions \cite{dieber2017security}, ROS-Defender filters node flows at the network layer \cite{rivera2019rosdefender}, and Salimi et al.\ condition per-request ABAC decisions on task and capability attributes through a blockchain bridge \cite{salimi2025abac}. None conditions a command on its source type or the platform's runtime safety state, and none is an inline bounded-latency primitive.","\textbf{Real-time and robot security.} This literature schedules software enforcement around deadlines. Contego slots security tasks into scheduling slack \cite{hasan2017contego}, and a 2024 SoK catalogs the paradigm \cite{hasan2024sok}. We leave that paradigm rather than optimize within it, because a fabric decision consumes no CPU slack. Pinisetty et al.\ synthesize runtime enforcers from timed automata for reactive CPS \cite{pinisetty2017runtime}. That is the nearest formal-synthesis neighbor, and it targets safety properties rather than authorization with no hardware latency model. In robotics, Dieber et al.\ argued for application-layer authorization above transport crypto \cite{dieber2017security}, ROS-Defender filters node flows at the network layer \cite{rivera2019rosdefender}, and Salimi et al.\ condition ABAC decisions on task and capability attributes through a blockchain bridge \cite{salimi2025abac}. None conditions a command on its source type or the platform's runtime state, and none is an inline bounded-latency primitive."
6,,161,II Related Work,16,60-word opener; claim before justification,"Since this work measures cycle-accurate per-decision latency, verifies a closed-form bound at every measured point, enforces both state and provenance, and validates through co-simulation, silicon functional verification, \new{and a hardware-latched on-board cycle capture that tracks co-simulation to a constant offset}, we assign it the maximum on all four axes under the definitions above, and Section~\ref{sec:results} supplies the evidence for that row. We state the novelty claim in its bounded form. Constant-latency wide-key matching exists in TCAMs, deterministic classification exists in the bit-vector family, and policy-to-circuit compilation dates to 2006. To our knowledge, no prior work compiles a standardized relational authorization model to hardware and demonstrates, on identical toolflow and part, that added policy dimensions cost zero clock cycles, and no prior hardware implementation of NGAC exists at all. We invite correction on both points.","This work scores the maximum on all four axes, and Section~\ref{sec:results} supplies the evidence for that row. It measures cycle-accurate per-decision latency, verifies a closed-form bound at every measured point, enforces both state and provenance, and validates by co-simulation, silicon functional verification\new{, and a hardware-latched on-board cycle capture that tracks co-simulation to a constant offset}. The novelty claim is bounded. Constant-latency wide-key matching exists in TCAMs, deterministic classification exists in the bit-vector family, and policy-to-circuit compilation dates to 2006. To our knowledge, no prior work compiles a standardized relational authorization model to hardware and shows, on one toolflow and part, that added policy dimensions cost zero clock cycles, and no hardware implementation of NGAC exists at all."
7,,168,III-A Background,7,Balanced-antithesis pose -> mechanism,"NGAC, standardized as INCITS 565, expresses policy as a directed graph of users, objects and attributes, and answers an access query by reachability traversal \cite{incits565, ferraiolo2011policymachine}. The generality is valuable and the traversal is the cost. H-NGAC compiles the policy graph ahead of time into fixed-width bitmasks so the runtime decision is a chain of AND operations over precomputed sets \cite{karim2026dcas}. We refer to the traversal-based reference model as DAG-NGAC throughout. This paper extends H-NGAC and inherits its compilation step unchanged.","NGAC, standardized as INCITS 565, expresses policy as a directed graph of users, objects and attributes, and answers a query by reachability traversal \cite{incits565, ferraiolo2011policymachine}. That generality costs a traversal on every decision. H-NGAC compiles the graph ahead of time into fixed-width bitmasks, so the runtime decision is a chain of AND operations over precomputed sets \cite{karim2026dcas}. We call the traversal-based reference model DAG-NGAC. This paper extends H-NGAC and inherits its compilation step unchanged."
8,,174,III-B Attack cls,3,Trailing clause tightened,"\textbf{Unauthorized access.} The attacker acts as an unprivileged agent or through a hijacked session (CVE-2022-45789, Schneider Electric Modicon \cite{cve202245789}). The identity triple closes this class, and it is the class every access control model addresses.","\textbf{Unauthorized access.} The attacker acts as an unprivileged agent or through a hijacked session (CVE-2022-45789, Schneider Electric Modicon \cite{cve202245789}). The identity triple closes this class, which every access control model already addresses."
9,,176,III-B Attack cls,4,Wordy subject,"\textbf{Unsafe-state operation.} The attacker, or a confused legitimate client, issues an otherwise well-formed command while the platform is in a state that makes the command hazardous: battery low, maintenance mode, calibration required (CVE-2022-33323, Mitsubishi MELFA \cite{cve202233323}). Identity-based authorization admits this class because the request is legitimate on every identity axis.","\textbf{Unsafe-state operation.} A malicious or confused client issues a well-formed command while the platform is in a state that makes it hazardous: battery low, maintenance mode, calibration required (CVE-2022-33323, Mitsubishi MELFA \cite{cve202233323}). Identity-based authorization admits this class because the request is legitimate on every identity axis."
10,,178,III-B Attack cls,7,FIX: punchline landed after the digression,"\textbf{Command provenance abuse.} The attacker holds valid DDS credentials for an authorized subject but is not an entitled source type for the command it issues (CVE-2021-38425, eProsima Fast DDS \cite{cve202138425}). SROS2 and DDS-Security authenticate who a node is at the transport layer \cite{mayoralvilches2022sros2, omgddssec}. They never ask whether that source type may issue that command to that resource. Further, the transport layer's own access control is fragile: Deng et al.\ demonstrated four ways a credentialed insider bypasses SROS2 permissions and keeps publishing \cite{deng2022insecurity}. That is an application-layer question, and it is invisible at the transport layer by design.","\textbf{Command provenance abuse.} The attacker holds valid DDS credentials for an authorized subject but is not an entitled source type for the command it issues (CVE-2021-38425, eProsima Fast DDS \cite{cve202138425}). SROS2 and DDS-Security authenticate who a node is at the transport layer \cite{mayoralvilches2022sros2, omgddssec}, but never ask whether that source type may issue that command to that resource. That question is invisible below the application layer by design. Further, transport access control is itself fragile: Deng et al.\ demonstrated four ways a credentialed insider bypasses SROS2 permissions and keeps publishing \cite{deng2022insecurity}."
11,,180,III-B Attack cls,9,Redundant 'delivery property' gloss,"A fourth concern is deliberately not an attack class. The timing window, in which a correct deny arrives after the actuator has already acted, is a delivery property that cuts across all three classes. It is closed by bounding decision latency below message propagation time, not by any policy dimension. We return to it in Section~\ref{sec:results}.","A fourth concern is deliberately not an attack class. The timing window, in which a correct deny arrives after the actuator has acted, cuts across all three classes. It is closed by bounding decision latency below message propagation time, not by any policy dimension. Section~\ref{sec:results} returns to it."
12,,184,III-C Assumptions,4,"'We assume the following.' is a heading, not a sentence","We assume the following. The attacker holds valid transport credentials for at least one authorized subject and can publish at wire rate. Transport security itself is intact. We do not defend broken cryptography. The policy decision point and the compiled policy are trusted. Policy compilation happens off the decision path, and policy updates are outside our present scope. The platform exposes its runtime state to the decision point as a bit vector.","We assume the attacker holds valid transport credentials for at least one authorized subject and can publish at wire rate. Transport security is intact, and we do not defend broken cryptography. The decision point and the compiled policy are trusted. Compilation happens off the decision path, and policy updates are outside our present scope. The platform exposes its runtime state to the decision point as a bit vector."
13,,211,IV Model,5,"Retire one 'That is,'; cut 'One scope statement belongs here.'","Every term in (2) is a bitwise AND against a precompiled mask followed by a comparison. That is, the first three terms are the H-NGAC identity triple, the $\sigma$ term conditions the permission on the platform's runtime state, and the $\pi$ term conditions it on the command's source type. Dimensions four and five add two more AND terms to a conjunction that already exists. They add no traversal, no lookup and no branch. One scope statement belongs here. We compile the association subset of INCITS 565, that is, the rules that grant. Prohibitions, obligations and administrative relations are not compiled, and Section~\ref{sec:limitations} bounds our claims accordingly.","Every term in (2) is a bitwise AND against a precompiled mask followed by a comparison. The first three terms are the H-NGAC identity triple. The $\sigma$ term conditions the permission on the platform's runtime state, and the $\pi$ term conditions it on the command's source type. Dimensions four and five add two AND terms to a conjunction that already exists. They add no traversal, no lookup and no branch. On scope, we compile only the association subset of INCITS 565, that is, the rules that grant. Prohibitions, obligations and administrative relations are not compiled, and Section~\ref{sec:limitations} bounds our claims accordingly."
14,,213,IV Model,4,Colon splice -> two sentences,"Equation (2) is constructed so that $\sigma$ and $\pi$ satisfy this condition: each is one AND-and-compare against a 32-bit register, far narrower than the 256-bit identity terms beside it. Section~\ref{sec:results} tests this hypothesis directly.","Equation (2) makes $\sigma$ and $\pi$ satisfy this condition. Each is one AND-and-compare against a 32-bit register, far narrower than the 256-bit identity terms beside it. Section~\ref{sec:results} tests this directly."
15,,215,IV Model,11,Don't tell the reader what matters; cut 'precisely',"The limit behavior of (3) matters for the reader budgeting a control loop. As $n$ grows toward the 512-rule capacity, hardware cost grows only through scan length, and Section~\ref{sec:arch} shows that growth is exactly half a cycle per rule regardless of how many dimensions each rule carries. In software the same growth compounds with dimensionality: our measured per-rule slope rises from 0.645 cycles in three dimensions to 1.220 cycles in five. Thus the two curves diverge precisely where policy gets rich.","Scaling in $n$ separates the two implementations. As $n$ grows toward the 512-rule capacity, hardware cost grows only through scan length, and Section~\ref{sec:arch} shows that growth is half a cycle per rule regardless of how many dimensions a rule carries. In software the growth compounds with dimensionality: our measured per-rule slope rises from 0.645 cycles in three dimensions to 1.220 in five. The two curves diverge as policy gets richer."
16,,220,V Architecture,8,Trailing clause inferable from prior sentence,"The policy resides behind a BRAM-style port and the request and rule count arrive over AXI-Lite registers. Synthesis maps the evaluation entirely to LUTs and flip-flops. The kernel consumes zero BRAM and zero DSP blocks, so the policy port is the only memory interface.","The policy sits behind a BRAM-style port and the request and rule count arrive over AXI-Lite registers. Synthesis maps the evaluation entirely to LUTs and flip-flops, and the kernel consumes zero BRAM and zero DSP blocks."
17,,222,V Architecture,42,LARGEST CUT: paragraph re-narrated the figure caption,"\new{Figure~\ref{fig:systembd} shows the integrated system as built for the board measurement of Section~\ref{subsec:onsilicon}. The kernel sits in the programmable logic as \texttt{hngac\_authorize\_0}. Policy memory is a dual-port block RAM reached through two AXI BRAM controllers, which lets the processing system rewrite policy on one port while the scan reads the other, keeping update traffic off the decision path. The request and rule count arrive over the AXI interconnect from the Zynq processing system. The AXI Timer beside the kernel is the instrument, not part of the primitive: it latches the decision interval in hardware, which is what makes the board cycle counts in Table~\ref{tab:board} measurements of the fabric rather than of the software that called it. The constant 25-cycle offset those counts carry over co-simulation is the round trip through this interconnect.}","\new{Figure~\ref{fig:systembd} shows the system as built for the board measurement of Section~\ref{subsec:onsilicon}. Policy memory is a dual-port block RAM, so the processing system can rewrite policy on one port while the scan reads the other, keeping update traffic off the decision path. The AXI Timer is instrumentation, not part of the primitive. It latches the decision interval in hardware, which is what makes the board counts in Table~\ref{tab:board} measurements of the fabric rather than of its caller. The constant 25-cycle offset those counts carry is the round trip through the interconnect.}"
18,,235,V Architecture,4,'That is what we mean by' = glossing your own phrase,"At 100~MHz, $L(500) = 262$ cycles is 2.62~$\mu$s, and the 512-rule capacity bounds the primitive at 2.68~$\mu$s. A designer needing a tighter bound shrinks $n$ or raises the clock, and either way the bound is known before deployment. That is what we mean by the worst case becoming a synthesis parameter.","At 100~MHz, $L(500) = 262$ cycles is 2.62~$\mu$s, and the 512-rule capacity bounds the primitive at 2.68~$\mu$s. A designer needing a tighter bound shrinks $n$ or raises the clock. Either way the bound is known before deployment, which is what makes the worst case a synthesis parameter."
19,,237,V Architecture,12,Cut 'We note one design consequence plainly.'; drop epistrophe,"We note one design consequence plainly. Forgoing early exit costs the average case: a software scan that exits on first match would beat (4) whenever the match lands early. We spend that average case to buy a worst case with zero variance, because the control loop budgets for the worst case and only the worst case.","Forgoing early exit costs the average case. A software scan that exits on first match beats (4) whenever the match lands early. We spend the average case to buy a worst case with zero variance, because a control loop budgets against the worst case."
20,,244,VI-A Platforms,7,Semicolon -> period,"\new{Three kernels were synthesized and co-simulated: a three-dimensional kernel checking the identity triple, a four-dimensional kernel adding runtime state, and a five-dimensional kernel adding command provenance. The three differ only in the conjunction terms of the rule check; policy layout, pipeline structure, interface and testbench are common.}","\new{Three kernels were synthesized and co-simulated: three-dimensional checking the identity triple, four-dimensional adding runtime state, and five-dimensional adding command provenance. They differ only in the conjunction terms of the rule check. Policy layout, pipeline structure, interface and testbench are common.}"
21,,248,VI-B Corpus,8,Interrupting apposition holds the verb 8 words,"The corpus generator emits, for each policy rule, one request that satisfies all five dimensions, plus a state-failing and a provenance-failing variant where applicable, yielding eleven requests for the four-rule policy and 1{,}334 at 500 rules. The corpus therefore exercises permit paths, state denials and provenance denials at every policy size, and it is the corpus under which the correctness columns of Section~\ref{sec:results} are computed.","For each policy rule the generator emits one request that satisfies all five dimensions, plus a state-failing and a provenance-failing variant where applicable. That yields eleven requests at four rules and 1{,}334 at 500. The corpus exercises permits, state denials and provenance denials at every policy size, and the correctness columns of Section~\ref{sec:results} are computed on it."
22,,252,VI-C Honesty,11,Cut the promise to be honest; keep the honesty,"We label every number by how it was obtained, and we hold the paper to the labels. Hardware cycle counts are measured and deterministic. No confidence interval applies because variance is zero by construction. Software per-decision cycle counts are derived: perf supplies a measured effective clock of 4.96~GHz, and cycles are mean nanoseconds multiplied by that clock. They are not per-decision counter reads. Proportions from the adversarial run carry exact denominators and one-sided 95\% Wilson score bounds. One baseline, RBAC with a modeled external state lookup, is a synthetic busy-wait. We exclude it from every empirical claim and use the measured SQLite-backed variant instead. The timing-window measurement produced zero slips and is reported only as a null result. \new{Board cycle counts are hardware-latched by an AXI Timer and are measurements; board round-trip latency includes the Linux userspace stack on the processing system and is reported as an observation of that stack, never as a property of the kernel.}","We label every number by how it was obtained. Hardware cycle counts are measured and deterministic, and no confidence interval applies because variance is zero by construction. Software per-decision cycle counts are derived, not counter reads: perf supplies a measured effective clock of 4.96~GHz, and cycles are mean nanoseconds times that clock. Proportions from the adversarial run carry exact denominators and one-sided 95\% Wilson bounds. One baseline, RBAC with a modeled external state lookup, is a synthetic busy-wait, and we exclude it from every empirical claim in favor of the measured SQLite variant. The timing-window measurement produced zero slips and is reported only as a null result. \new{Board cycle counts are hardware-latched by an AXI Timer and are measurements. Board round-trip latency includes the Linux userspace stack on the processing system and is reported as an observation of that stack, never as a property of the kernel.}"
23,,259,VII-A Key finding,1,Merge three short sentences,"Minimum, mean and maximum are equal at every point\new{, and all three co-simulations pass}. The closed form (4) fits all \new{eighteen} points exactly.","Minimum, mean and maximum are equal at every point\new{, all three co-simulations pass,} and the closed form (4) fits all \new{eighteen} points exactly."
24,,279,VII-A Key finding,18,Cut 'we draw attention to it rather than let a reader find it',"\new{One row of Table~\ref{tab:resources} is not identical, and we draw attention to it rather than let a reader find it. Iteration latency is two cycles in three dimensions and three in four and five. Pipeline depth grows by one stage when the state dimension arrives and then stops when provenance is added. Because the initiation interval is one, that depth is amortized across the scan and never reaches the per-decision cycle count, which is why Table~\ref{tab:cycles} is flat while pipeline depth is not. The mechanism matters: dimensionality is absorbed into the width of a pipeline stage, not into the length of the pipeline, until a stage runs out of timing slack.}","\new{One row of Table~\ref{tab:resources} is not identical. Iteration latency is two cycles in three dimensions and three in four and five, so pipeline depth grows by one stage when state arrives and then stops when provenance is added. Because the initiation interval is one, that depth is amortized across the scan and never reaches the per-decision cycle count. That is why Table~\ref{tab:cycles} is flat while pipeline depth is not. Dimensionality is absorbed into the width of a pipeline stage, not the length of the pipeline, until a stage runs out of timing slack.}"
25,,281,VII-A Key finding,29,Cut 'we mean the second clause literally' (worst GenAI tell),"\new{Dimensionality} is not free in area, and we do not claim it is. Table~\ref{tab:resources} \new{prices it. The fourth dimension costs 812 LUTs (+21.6\%) over the identity triple and the fifth costs a further 524 (+11.4\%), so carrying both costs 1{,}336 LUTs (+35.5\%) and 331 flip-flops (+14.1\%) against three dimensions. All three kernels consume zero BRAM and zero DSP. The five-dimensional kernel occupies 9\% of a low-cost part against the three-dimensional kernel's 7\%. Free in time, nearly free in area, and we mean the second clause literally: the price of two extra dimensions is roughly two percentage points of a \$100 part.} An earlier four-dimensional build also completed Vivado place and route with +2.170~ns worst negative slack and zero failing endpoints of 1{,}987, so the co-simulated clock is not optimistic for this fabric.","\new{Dimensionality} is not free in area. Table~\ref{tab:resources} \new{prices it. The fourth dimension costs 812 LUTs (+21.6\%) over the identity triple and the fifth a further 524 (+11.4\%), so carrying both costs 1{,}336 LUTs (+35.5\%) and 331 flip-flops (+14.1\%). All three kernels use zero BRAM and zero DSP. The five-dimensional kernel occupies 9\% of the part against the three-dimensional kernel's 7\%, so two added dimensions cost about two percentage points of a \$100 device.} An earlier four-dimensional build completed Vivado place and route with +2.170~ns worst negative slack and zero failing endpoints of 1{,}987, so the co-simulated clock is not optimistic for this fabric."
26,,305,VII-B Security,9,"Wordy: 'silicon-bound RTL, not a software model of it'","\new{Table~\ref{tab:cycles} shows three kernels spending the same cycles. Table~\ref{tab:rtlauth} shows them answering different questions with those cycles. We ran the identical 2{,}307-request corpus through all three co-simulations, so these are decisions taken by silicon-bound RTL, not by a software model of it.}","\new{Table~\ref{tab:cycles} shows three kernels spending the same cycles. Table~\ref{tab:rtlauth} shows them answering different questions. We ran the identical 2{,}307-request corpus through all three co-simulations, so these are RTL decisions, not software model decisions.}"
27,,328,VII-B Security,14,Drop 'with respect to the question it can ask' scaffolding,"\new{The three-dimensional kernel permits the entire corpus, all 2{,}307 requests, at every policy size. This is not a defect in the kernel. Every request in the corpus carries a valid identity triple, and the variants differ only in the state and provenance fields, so a kernel that cannot represent $\sigma$ or $\pi$ has no basis on which to deny any of them. It is correct with respect to the question it can ask. The question is simply not the one Layla's interlock asks.}","\new{The three-dimensional kernel permits the entire corpus, all 2{,}307 requests, at every policy size. This is not a defect. Every request carries a valid identity triple and the variants differ only in the state and provenance fields, so a kernel that cannot represent $\sigma$ or $\pi$ has no basis to deny any of them. It answers its own question correctly. That question is not the one Layla's interlock asks.}"
28,,330,VII-B Security,13,FIX: 'Reading down a row' -> 'Across the total row',"\new{The four-dimensional kernel denies the state-failing variants and admits the provenance-failing ones, permitting 1{,}587. The five-dimensional kernel permits 864, exactly the satisfying request for each rule at each policy size. Reading down a row, 1{,}443 requests separate three dimensions from five, and 723 of those separate four from five. Each of those two gaps is an attack class: unsafe-state operation in the first, command provenance abuse in the second, anchored respectively in CVE-2022-33323 and CVE-2021-38425.}","\new{The four-dimensional kernel denies the state-failing variants and admits the provenance-failing ones, permitting 1{,}587. The five-dimensional kernel permits 864, exactly one satisfying request per rule at each policy size. Across the total row, 1{,}443 requests separate three dimensions from five, and 723 of those separate four from five. Each gap is an attack class: unsafe-state operation (CVE-2022-33323) and command provenance abuse (CVE-2021-38425).}"
29,,332,VII-B Security,13,'on facing evidence' is not an idiom,"\new{The point of putting Table~\ref{tab:cycles} and Table~\ref{tab:rtlauth} on facing evidence is that the columns move independently. The cycle columns are identical and the permit columns are not. In hardware, the security question a kernel can ask is decoupled from what asking it costs in time.}","\new{The two tables move independently. The cycle columns are identical and the permit columns are not. In hardware, the security question a kernel can ask is decoupled from what asking it costs in time.}"
30,,336,VII-C Software,10,Cut 'the contrast is the paper in one image',"The identical kernel logic, compiled for the i7 and measured under perf, tells the opposite story. Per-rule marginal cost rises from 0.645 cycles in three dimensions to 1.024 in four and 1.220 in five. That is, in software every rule pays for every dimension on every decision, and the cost compounds with policy size: at 500 rules the five-dimensional software path spends 685 derived cycles per decision against the hardware kernel's 262 measured cycles. Figure~\ref{fig:keyfinding} plots both families\new{, and the contrast is the paper in one image}. The software curves fan out as dimensions are added. \new{The three hardware curves are one line.}","The same kernel logic compiled for the i7 and measured under perf tells the opposite story. Per-rule marginal cost rises from 0.645 cycles in three dimensions to 1.024 in four and 1.220 in five. In software every rule pays for every dimension on every decision, and the cost compounds with policy size. At 500 rules the five-dimensional software path spends 685 derived cycles per decision against the hardware kernel's 262 measured cycles. Figure~\ref{fig:keyfinding} plots both families. The software curves fan out as dimensions are added\new{, and the three hardware curves are one line}."
31,,347,VII-D Baselines,27,FIX: 'the April corpus' leaks an internal artifact name,"Table~\ref{tab:models} compares six software models on the same corpus. The RBAC hash map resolves in roughly 100 derived cycles at every policy size, and the flat cost is genuine. However, it admits 200{,}000 of 200{,}000 requests in the April corpus, including all 100{,}000 that violate state, and the DAG-NGAC and three-dimensional paths admit the same. A model that cannot see the state or provenance dimensions cannot deny on them. The only software models that decide correctly are the five-dimensional path and a flattened direct-lookup table that trades a 19.7$\times$ memory footprint for its speed. However, an RBAC deployment could encode state into its role set, a maintenance operator role distinct from a normal operator role. Sixteen state bits and three source types multiply that role count combinatorially, and the honest alternative, RBAC consulting an external state store, cost 20.6 times the four-dimensional path when we measured it against an in-process SQLite store. It might be tempting to read Table~\ref{tab:models} as an argument that cheap static authorization suffices. The correctness column is the answer: the fast rows are fast because they answer a smaller question than the one Layla's interlock asks.","Table~\ref{tab:models} compares six software models on the same corpus. The RBAC hash map resolves in roughly 100 derived cycles at every policy size, and that flat cost is genuine. It also admits 200{,}000 of 200{,}000 requests, including all 100{,}000 that violate state, and the DAG-NGAC and three-dimensional paths admit the same. A model that cannot see state or provenance cannot deny on them. The only software models that decide correctly are the five-dimensional path and a flattened direct-lookup table that buys its speed with 19.7$\times$ the memory. An RBAC deployment could encode state into its roles, a maintenance operator distinct from a normal operator, but sixteen state bits and three source types multiply that role count combinatorially. The alternative, RBAC consulting an external state store, cost 20.6 times the four-dimensional path against an in-process SQLite store. Table~\ref{tab:models} is not an argument that cheap static authorization suffices. The fast rows are fast because they answer a smaller question than the one Layla's interlock asks."
32,,369,VII-E Adversarial,19,Three sentences to make a two-part distinction,"We ran the provenance-abuse scenario live. A software gatekeeper node executing the same five-dimensional decision function fronted an actuator topic while a legitimate node and a compromised node both published with valid credentials for the same authorized subject, the compromised node at five times the legitimate rate. Over a 30-second session the policy blocked 18{,}878 of 18{,}878 injection attempts, a block rate of 100\% with a one-sided 95\% Wilson lower bound of 99.99\%, and passed 17{,}059 of 17{,}059 legitimate commands, a false positive rate of 0\% with a 95\% upper bound of 0.02\%. This demo and the board run carry two separate claims. The demo establishes what the five-dimensional policy semantics block under sustained adversarial load. The silicon run establishes that the synthesized kernel computes identical decisions on all 2{,}307 corpus requests. Neither claim substitutes for the other. Under three- or four-dimensional policy every one of those injections would have been admitted, because the attacker's identity triple and state context were valid. Only the provenance dimension separates the two traffic streams.","We ran the provenance-abuse scenario live. A software gatekeeper node running the same five-dimensional decision function fronted an actuator topic while a legitimate node and a compromised node both published with valid credentials for the same subject, the compromised node at five times the legitimate rate. Over a 30-second session the policy blocked 18{,}878 of 18{,}878 injection attempts, a 100\% block rate with a one-sided 95\% Wilson lower bound of 99.99\%, and passed 17{,}059 of 17{,}059 legitimate commands, a 0\% false positive rate with a 95\% upper bound of 0.02\%. This run and the silicon run carry separate claims. The first establishes what the five-dimensional semantics block under sustained adversarial load, the second that the synthesized kernel reproduces those decisions on all 2{,}307 corpus requests. Under three- or four-dimensional policy every injection would have been admitted, because the attacker's identity triple and state context were valid. Only provenance separates the two streams."
33,,371,VII-E Adversarial,4,"Trim 'architectural', 'strictly', 'measured'","The same runs measured the timing-window property. Under both idle and saturated CPU load, zero authorization callbacks of 8{,}733 exceeded the 50~$\mu$s lower bound of DDS localhost propagation. We report this strictly as a null result. The architectural argument stands on (4): a synthesis-time bound below the propagation floor closes the window by construction, which no measured software mean can do.","The same runs measured the timing window. Under idle and saturated CPU load, zero of 8{,}733 authorization callbacks exceeded the 50~$\mu$s lower bound of DDS localhost propagation. We report this as a null result. The argument stands on (4): a synthesis-time bound below the propagation floor closes the window by construction, which no software mean can do."
34,,376,VII-F On silicon,4,Comma splice,"\new{Co-simulation is cycle accurate, but it is still simulation. We placed the five-dimensional kernel on a PYNQ-Z1 at 100~MHz behind an AXI Timer and read the decision interval out of a hardware-latched counter. Table~\ref{tab:board} reports the result against the co-simulated counts.}",\new{Co-simulation is cycle accurate but still simulation. We placed the five-dimensional kernel on a PYNQ-Z1 at 100~MHz behind an AXI Timer and read the decision interval from a hardware-latched counter. Table~\ref{tab:board} reports it against the co-simulated counts.}
35,,397,VII-F On silicon,15,Escalating tricolon -> checkable claim,"\new{The board tracks co-simulation with a constant 25-cycle offset at all six policy sizes, and minimum, mean and maximum are equal on silicon exactly as they are in simulation. The offset is the AXI-Lite handshake that moves the request into the kernel and the decision back out, and being constant it enters the closed form of (4) as an additive term rather than a source of variance. The determinism argued from pipeline structure in Section~\ref{sec:arch} therefore survives contact with the fabric, the interface, and the part.}","\new{The board tracks co-simulation with a constant 25-cycle offset at all six policy sizes, and minimum, mean and maximum are equal on silicon as they are in simulation. The offset is the AXI-Lite handshake that moves the request in and the decision out. Being constant, it enters (4) as an additive term rather than a source of variance. The determinism argued from pipeline structure in Section~\ref{sec:arch} holds on the real part.}"
36,,399,VII-F On silicon,45,Cut the justification for reporting; keep the explanation,"\new{The same board run measured round-trip latency from the processing system, and that number behaves differently. Mean round trip rises from 2.09~$\mu$s at four rules to 4.77~$\mu$s at 500, but the maximum reaches 5.92~ms at 500 rules, more than three orders of magnitude above its own mean. We report this because it is the honest counterpart to Table~\ref{tab:board} and because it makes the paper's argument on the paper's own hardware. The fabric is invariant and the counter proves it. The millisecond tail is contributed entirely by the Linux userspace stack on the board's Cortex-A9 between the timer read and the application, which is the identical mechanism we attribute the i7's tail to in Section~\ref{subsec:comparison}. A deterministic primitive does not confer determinism on a non-deterministic caller. It bounds the part of the path a designer can bound, and Table~\ref{tab:board} is the part we claim.}","\new{The same run measured round-trip latency from the processing system, and that number behaves differently. Mean round trip rises from 2.09~$\mu$s at four rules to 4.77~$\mu$s at 500, but the maximum reaches 5.92~ms at 500 rules, three orders of magnitude above its own mean. The tail comes entirely from the Linux userspace stack on the board's Cortex-A9 between the timer read and the application, the same mechanism behind the i7's tail in Section~\ref{subsec:comparison}. A deterministic primitive does not make a non-deterministic caller deterministic. It bounds the part of the path a designer can bound, and Table~\ref{tab:board} is that part.}"
37,,401,VII-G Mean vs WC,7,"Heading should be indexable, not an essay title","\subsection{The comparison we do not make, and the one we do}",\subsection{Mean versus worst case}
38,,404,VII-G Mean vs WC,12,"Lead with the concession in 6 words, not 22","It might be tempting to infer from Table~\ref{tab:cycles} that the fabric outpaces the CPU. That inference would be incorrect, and we pre-empt it. At 500 rules","The fabric does not outpace the CPU, and we say so directly. At 500 rules"
39,,404,VII-G Mean vs WC,4,Colon splice; 'both concessions on one wall-clock axis',"The defensible comparison is the worst case, and there the ordering reverses: the software path's worst observed decision at 200 rules was 355.4~$\mu$s against the fabric's invariant 1.12~$\mu$s, and its worst at four rules was 298.8~$\mu$s against 0.14~$\mu$s. Further, the software figure is an observation, not a bound. The 157~$\mu$s outlier in the DCAS baseline arrived in a run whose mean was 1.14~$\mu$s \cite{karim2026dcas}. An operating system does not guarantee its own tail, and a control loop budgets for the tail. Figure~\ref{fig:tail} plots both concessions on one wall-clock axis. The software mean runs below the hardware bound at every policy size. The software worst case runs above it at every size, by more than three orders of magnitude at four rules, and it does not track policy size, because the tail belongs to the scheduler and not to the policy.","The defensible comparison is the worst case, and there the ordering reverses. The software path's worst observed decision at 200 rules was 355.4~$\mu$s against the fabric's invariant 1.12~$\mu$s, and its worst at four rules was 298.8~$\mu$s against 0.14~$\mu$s. Further, the software figure is an observation, not a bound: the 157~$\mu$s outlier in the DCAS baseline arrived in a run whose mean was 1.14~$\mu$s \cite{karim2026dcas}. An operating system does not guarantee its own tail, and a control loop budgets for the tail. Figure~\ref{fig:tail} plots both. The software mean runs below the hardware bound at every policy size and the worst case runs above it at every size, by more than three orders of magnitude at four rules. The worst case does not track policy size, because the tail belongs to the scheduler and not to the policy."
40,,416,VII-G Mean vs WC,19,Defensive throat-clearing before a supported claim,"For completeness we place general-purpose policy engines on the same axis. In an earlier evaluation, Open Policy Agent averaged 271.491~$\mu$s per decision with 13 deadline misses \cite{karim2026tsngac}, and an XACML OpenPDP deployment averaged roughly 50~ms \cite{karim2026dcas, oasisxacml}. These engines evaluate far richer policy than (2) expresses, and we do not fault their generality. We observe only that they occupy a latency regime three to five orders of magnitude above the closed form of (4), which is the regime that keeps authorization out of control paths.","General-purpose policy engines sit on the same axis. In an earlier evaluation, Open Policy Agent averaged 271.491~$\mu$s per decision with 13 deadline misses \cite{karim2026tsngac}, and an XACML OpenPDP deployment averaged roughly 50~ms \cite{karim2026dcas, oasisxacml}. These engines evaluate far richer policy than (2) expresses. They also occupy a latency regime three to five orders of magnitude above (4), the regime that keeps authorization out of control paths."
41,,421,VIII Limitations,61,Cut opener; 3 duplications of text already in IV and VI,"Our claims are bounded by several factors, and we state them plainly. \new{First, the parity result covers three, four and five dimensions on one part at one clock, and the three kernels differ only in the conjunction terms of the rule check. We have not shown that an arbitrary sixth dimension is free, only that these two were, and Section~\ref{sec:arch} names the mechanism that would end the pattern.} \new{Second,} the software baseline is a 4.96~GHz laptop CPU while the fabric runs at 100~MHz; an embedded-class CPU baseline on the board's own Cortex-A9 would make the wall-clock comparison fairer to the fabric, and we did not run it. \new{Our board data bounds the fabric and the interface but not a software decision path on the same silicon.} \new{Third,} software latency distributions were measured under WSL2, whose scheduler jitter contaminates maxima, which is why we cite worst observed values and never call them WCETs. \new{Fourth,} the primitive is capacity-bounded at 512 rules and 256 policy nodes, and policy update happens off the decision path. \new{Fifth,} one baseline, the modeled external-state lookup, is synthetic, and we excluded it from every empirical claim after finding it added nothing the measured SQLite path does not show. \new{Sixth,} the kernel compiles only the association subset of INCITS 565. Prohibitions, obligations and administrative relations are not implemented, so no claim here extends beyond rules that grant. \new{Seventh,} the zero-cycle result is demonstrated at one operating point, 100~MHz on a Zynq-7020, where \new{all three} kernels close timing with identical +0.33~ns slack. At an aggressive clock target \new{an} added dimension could force an additional pipeline stage, which is exactly the boundary the hypothesis of Section~\ref{sec:model} predicts\new{, and the two-to-three step in iteration latency between three and four dimensions shows the mechanism already operating below the threshold where it would cost cycles}. Characterizing that frequency ceiling is future work.","\new{First, the parity result covers three, four and five dimensions on one part at one clock. We have not shown that an arbitrary sixth dimension is free, only that these two were, and Section~\ref{sec:arch} names the mechanism that would end the pattern.} \new{Second,} the software baseline is a 4.96~GHz laptop CPU while the fabric runs at 100~MHz. A baseline on the board's own Cortex-A9 would make the wall-clock comparison fairer, and we did not run it. \new{The board data bounds the fabric and the interface, not a software decision path on the same silicon.} \new{Third,} software latency distributions were measured under WSL2, whose scheduler jitter contaminates maxima, which is why we cite worst observed values and never call them WCETs. \new{Fourth,} the primitive is capacity-bounded at 512 rules and 256 policy nodes, and policy update happens off the decision path. \new{Fifth,} the modeled external-state lookup is synthetic and excluded from every empirical claim, since the measured SQLite path shows the same thing. \new{Sixth,} the kernel compiles only the association subset of INCITS 565, so no claim extends beyond rules that grant. \new{Seventh,} the zero-cycle result holds at one operating point, 100~MHz on a Zynq-7020, where \new{all three} kernels close timing with +0.33~ns slack. At an aggressive clock target \new{an} added dimension could force another pipeline stage, the boundary the hypothesis of Section~\ref{sec:model} predicts\new{. The two-to-three step in iteration latency already shows that mechanism operating below the threshold where it costs cycles}. Characterizing the frequency ceiling is future work."
42,,426,IX Conclusion,6,"'structure our next steps', 'precisely'","Four questions structure our next steps. \new{1.~At what clock frequency does the next dimension stop being free, and does that ceiling move with policy width or only with stage depth? 2.~What does a decision path in software on the board's own Cortex-A9 cost, so the wall-clock comparison runs at one class of silicon?} 3.~Does the closed form of (4) survive a dynamic policy update path, or does update traffic reintroduce jitter? 4.~How does the primitive compose with time-scoped delegation, which TS-NGAC develops in software \cite{karim2026tsngac}? Further, we call on the community to report authorization performance as cycle-level worst cases rather than means, because a mean is precisely the statistic a control loop cannot budget against.","Four questions follow. \new{1.~At what clock does the next dimension stop being free, and does that ceiling move with policy width or only with stage depth? 2.~What does a software decision path on the board's own Cortex-A9 cost, so the wall-clock comparison runs at one class of silicon?} 3.~Does the closed form of (4) survive a dynamic policy update path, or does update traffic reintroduce jitter? 4.~How does the primitive compose with time-scoped delegation, which TS-NGAC develops in software \cite{karim2026tsngac}? Further, we call on the community to report authorization performance as cycle-level worst cases rather than means, because a mean is the statistic a control loop cannot budget against."
43,,428,IX Conclusion,9,"100-word sentence, 3 comma splices; un-invert permit claim","In conclusion, we extended the H-NGAC bitmask primitive with system-state and command-provenance dimensions and synthesized \new{three-, }four- and five-dimensional kernels to a Zynq-7020. The added \new{dimensions} cost zero clock cycles and \new{1{,}336} LUTs, latency is closed-form at $12 + n/2$ cycles with zero jitter by construction \new{and is confirmed on silicon by a hardware-latched counter, the same corpus that the five-dimensional kernel denies 1{,}443 times is permitted in full by the three-dimensional kernel at identical cycle cost}, and the five-dimensional policy blocked 18{,}878 of 18{,}878 credentialed injection attempts in ROS~2 with zero false positives in 17{,}059 legitimate commands. Robotics platform engineers and functional-safety engineers can treat the authorization worst case as a synthesis parameter, place the decision inside the control loop budget, and close the two attack classes that identity-based authorization admits. Layla's interlock becomes a policy bit the fabric checks in bounded time, not a procedure she hopes the operator follows.","We extended the H-NGAC bitmask primitive with system-state and command-provenance dimensions and synthesized \new{three-, }four- and five-dimensional kernels to a Zynq-7020. The added \new{dimensions} cost zero clock cycles and \new{1{,}336} LUTs. Latency is closed-form at $12 + n/2$ cycles with zero jitter by construction\new{, confirmed on silicon by a hardware-latched counter. At identical cycle cost, the three-dimensional kernel permits in full the same corpus the five-dimensional kernel denies 1{,}443 times}, and the five-dimensional policy blocked 18{,}878 of 18{,}878 credentialed injection attempts in ROS~2 with zero false positives in 17{,}059 legitimate commands. Robotics and functional-safety engineers can treat the authorization worst case as a synthesis parameter, place the decision inside the control loop budget, and close the two attack classes identity-based authorization admits. Layla's interlock becomes a policy bit the fabric checks in bounded time, not a procedure she hopes the operator follows."
